,LEARNING_RATE,DROP_OUT,NUM_LAYER,Train_MAE
1,0.001,0.0,2,0.05765233437220255
2,0.001,0.0,5,0.04030117020010948
3,0.001,0.1,2,0.05071818580230077
4,0.001,0.1,5,0.0455503004292647
5,0.001,0.5,2,0.06791027635335922
6,0.001,0.5,5,0.05638810868064562
7,0.0075,0.0,2,0.04138840362429619
8,0.0075,0.0,5,0.03575805823008219
9,0.0075,0.1,2,0.042360249906778336
10,0.0075,0.1,5,0.04117236907283465
11,0.0075,0.5,2,0.060605195661385856
12,0.0075,0.5,5,0.06255848209063213
